id,url,last_modified,date,updated_by,responsible
sobre-o-campus,https://www.sorocaba.unesp.br/#!/sobre-o-campus,Not Found,Not Found,Not Found,Not Found
administracao,https://www.sorocaba.unesp.br/#!/sobre-o-campus/administracao,,,,
diretoria-geral,https://www.sorocaba.unesp.br/#!/sobre-o-campus/administracao/diretoria-geral,Atualizada em 09/Nov/2018 15:56 por Gisele - Responsável: Fernando Marafão,09/Nov/2018,Gisele,Fernando Marafão
congregacao,https://www.sorocaba.unesp.br/#!/sobre-o-campus/administracao/congregacao,Not Found,Not Found,Not Found,Not Found
area-administrativa,https://www.sorocaba.unesp.br/#!/sobre-o-campus/administracao/area-administrativa,Atualizada em 17/Out/2025 11:38 por Fabiane - Responsável: Marcos Malaquias,17/Out/2025,Fabiane,Marcos Malaquias
area-academica,https://www.sorocaba.unesp.br/#!/sobre-o-campus/administracao/area-academica,Atualizada em 18/Mar/2025 13:19 por Gisele - Responsável: Fabricio Ferreira Marciano,18/Mar/2025,Gisele,Fabricio Ferreira Marciano
diretoria-de-biblioteca,https://www.sorocaba.unesp.br/#!/sobre-o-campus/administracao/diretoria-de-biblioteca,Atualizada em 21/Jan/2025 15:01 por Marcos Malaquias - Responsável: Marcos Malaquias,21/Jan/2025,Marcos Malaquias,Marcos Malaquias
informatica,https://www.sorocaba.unesp.br/#!/sobre-o-campus/administracao/informatica,Atualizada em 17/Fev/2025 09:33 por Gisele - Responsável: Marcos Malaquias,17/Fev/2025,Gisele,Gisele
diretoria-de-servicos,https://www.sorocaba.unesp.br/#!/sobre-o-campus/administracao/diretoria-de-servicos,Atualizada em 18/Jun/2025 10:29 por Gisele - Responsável: Gisele,18/Jun/2025,Gisele,Gisele
saude,https://www.sorocaba.unesp.br/#!/sobre-o-campus/administracao/saude,Not Found,Not Found,Not Found,Not Found
apresentacao,https://www.sorocaba.unesp.br/#!/sobre-o-campus/apresentacao,Atualizada em 31/Mar/2025 08:57 por Andressa Maira Sardinha - Responsável: saude,31/Mar/2025,Andressa Maira Sardinha,saude
ouvidoria,https://www.sorocaba.unesp.br/#!/sobre-o-campus/ouvidoria,Atualizada em 04/Jan/2016 15:05 por Gisele - Responsável: Fernando Marafão,04/Jan/2016,Gisele,Fernando Marafão
controladoria,https://www.sorocaba.unesp.br/#!/sobre-o-campus/controladoria,Atualizada em 30/Jul/2024 10:58 por Gisele - Responsável: Danilo,30/Jul/2024,Gisele,Lucas Santacapita Mathias
ensino,https://www.sorocaba.unesp.br/#!/ensino,Atualizada em 15/Set/2017 14:38 por Lucas Santacapita Mathias - Responsável: Lucas Santacapita Mathias,15/Set/2017,Lucas Santacapita Mathias,Lucas Santacapita Mathias
departamentos,https://www.sorocaba.unesp.br/#!/ensino/departamentos,Atualizada em 15/Set/2017 14:38 por Lucas Santacapita Mathias - Responsável: Lucas Santacapita Mathias,15/Set/2017,Lucas Santacapita Mathias,Lucas Santacapita Mathias
engenharia-ambiental3152,https://www.sorocaba.unesp.br/#!/ensino/departamentos/engenharia-ambiental3152,Atualizada em 20/Mar/2024 09:06 por Gisele - Responsável: Giovana Maia Antonangelo,20/Mar/2024,Gisele,Giovana Maia Antonangelo
engenharia-de-controle-e-automacao,https://www.sorocaba.unesp.br/#!/ensino/departamentos/engenharia-de-controle-e-automacao,Atualizada em 21/Mar/2024 11:30 por Giovana Maia Antonangelo - Responsável: Giovana Maia Antonangelo,21/Mar/2024,Giovana Maia Antonangelo,Giovana Maia Antonangelo
graduacao,https://www.sorocaba.unesp.br/#!/ensino/graduacao,Atualizada em 27/Ago/2025 11:36 por Fabiane - Responsável: Carina Yurie Esaki,27/Ago/2025,Fabiane,Carina Yurie Esaki
cursos,https://www.sorocaba.unesp.br/#!/ensino/graduacao/cursos,Atualizada em 26/Set/2023 10:57 por Marcos Dionizio - Responsável: Rogerio Moreno Rosa,26/Set/2023,Marcos Dionizio,Rogerio Moreno Rosa
grupos-pets,https://www.sorocaba.unesp.br/#!/ensino/graduacao/grupos-pets,Atualizada em 26/Set/2023 10:57 por Marcos Dionizio - Responsável: Rogerio Moreno Rosa,26/Set/2023,Marcos Dionizio,Rogerio Moreno Rosa
equipe,https://www.sorocaba.unesp.br/#!/ensino/graduacao/equipe,Atualizada em 28/Set/2018 14:48 por - Responsável: Marcos Dionizio,28/Set/2018,,Marcos Dionizio
pos-graduacao,https://www.sorocaba.unesp.br/#!/ensino/pos-graduacao,Atualizada em 08/Ago/2025 12:24 por Marcos Dionizio - Responsável: Rogerio Moreno Rosa,08/Ago/2025,Marcos Dionizio,Rogerio Moreno Rosa
programas,https://www.sorocaba.unesp.br/#!/ensino/pos-graduacao/programas,Atualizada em 02/Jul/2025 17:03 por Carlos Reche - Responsável: Carlos Reche,02/Jul/2025,Carlos Reche,Carlos Reche
contato,https://www.sorocaba.unesp.br/#!/ensino/pos-graduacao/contato,Atualizada em 02/Jul/2025 17:03 por Carlos Reche - Responsável: Carlos Reche,02/Jul/2025,Carlos Reche,Carlos Reche
comissao-permanente-de-ensino,https://www.sorocaba.unesp.br/#!/ensino/comissao-permanente-de-ensino,Atualizada em 29/Set/2023 16:15 por Carlos Reche - Responsável: Carlos Reche,29/Set/2023,Carlos Reche,Carlos Reche
atas-e-pautas,https://www.sorocaba.unesp.br/#!/ensino/comissao-permanente-de-ensino/atas-e-pautas,Atualizada em 16/Jun/2025 07:49 por Marcos Dionizio - Responsável: Marcos Dionizio,16/Jun/2025,Marcos Dionizio,Marcos Dionizio
calendario,https://www.sorocaba.unesp.br/#!/ensino/comissao-permanente-de-ensino/calendario,Atualizada em 25/Nov/2024 15:23 por Marcos Dionizio - Responsável: Marcos Dionizio,25/Nov/2024,Marcos Dionizio,Marcos Dionizio
composicao,https://www.sorocaba.unesp.br/#!/ensino/comissao-permanente-de-ensino/composicao,Atualizada em 09/Dez/2024 09:04 por Marcos Dionizio - Responsável: Marcos Dionizio,09/Dez/2024,Marcos Dionizio,Marcos Dionizio
pesquisa,https://www.sorocaba.unesp.br/#!/pesquisa,Atualizada em 16/Jun/2025 07:49 por Marcos Dionizio - Responsável: Marcos Dionizio,16/Jun/2025,Marcos Dionizio,Marcos Dionizio
escritorio-de-apoio-a-pesquisa,https://www.sorocaba.unesp.br/#!/pesquisa/escritorio-de-apoio-a-pesquisa,Atualizada em 16/Jun/2025 07:49 por Marcos Dionizio - Responsável: Marcos Dionizio,16/Jun/2025,Marcos Dionizio,Marcos Dionizio
apresentacao,https://www.sorocaba.unesp.br/#!/pesquisa/escritorio-de-apoio-a-pesquisa/apresentacao,Atualizada em 15/Jul/2025 13:38 por Aline Souza Magalhães - Responsável: Aline Souza Magalhães,15/Jul/2025,Aline Souza Magalhães,Aline Souza Magalhães
bolsista,https://www.sorocaba.unesp.br/#!/pesquisa/escritorio-de-apoio-a-pesquisa/bolsista,Atualizada em 15/Jul/2025 13:38 por Aline Souza Magalhães - Responsável: Aline Souza Magalhães,15/Jul/2025,Aline Souza Magalhães,Aline Souza Magalhães
pesquisador,https://www.sorocaba.unesp.br/#!/pesquisa/escritorio-de-apoio-a-pesquisa/pesquisador,Atualizada em 29/Jan/2025 16:41 por Aline Souza Magalhães - Responsável: Aline Souza Magalhães,29/Jan/2025,Aline Souza Magalhães,Aline Souza Magalhães
agencias-de-fomento,https://www.sorocaba.unesp.br/#!/pesquisa/escritorio-de-apoio-a-pesquisa/agencias-de-fomento,Atualizada em 21/Jul/2025 18:10 por Aline Souza Magalhães - Responsável: Aline Souza Magalhães,21/Jul/2025,Aline Souza Magalhães,Aline Souza Magalhães
treinamentos-e-manuais,https://www.sorocaba.unesp.br/#!/pesquisa/escritorio-de-apoio-a-pesquisa/treinamentos-e-manuais,Atualizada em 28/Fev/2025 19:15 por Aline Souza Magalhães - Responsável: Aline Souza Magalhães,28/Fev/2025,Aline Souza Magalhães,Aline Souza Magalhães
editais,https://www.sorocaba.unesp.br/#!/pesquisa/escritorio-de-apoio-a-pesquisa/editais,Atualizada em 04/Fev/2025 12:16 por Aline Souza Magalhães - Responsável: Aline Souza Magalhães,04/Fev/2025,Aline Souza Magalhães,Aline Souza Magalhães
grupos-de-pesquisa,https://www.sorocaba.unesp.br/#!/pesquisa/grupos-de-pesquisa,Atualizada em 22/Jul/2025 17:05 por Marcos Malaquias - Responsável: Aline Souza Magalhães,22/Jul/2025,Marcos Malaquias,Aline Souza Magalhães
parque-de-equipamentos,https://www.sorocaba.unesp.br/#!/pesquisa/parque-de-equipamentos,Not Found,Not Found,Not Found,Not Found
inicio,https://www.sorocaba.unesp.br/#!/pesquisa/multiusuario/inicio,Atualizada em 18/Set/2025 11:48 por Célia Maria Damasio Leles - Responsável: Danilo,18/Set/2025,Célia Maria Damasio Leles,Danilo
equipamentos,https://www.sorocaba.unesp.br/#!/pesquisa/multiusuario/equipamentos,Atualizada em 31/Mai/2019 09:23 por Nilson - Responsável: Nilson,31/Mai/2019,Nilson,Nilson
acesso-aos-equipamentos,https://www.sorocaba.unesp.br/#!/pesquisa/multiusuario/acesso-aos-equipamentos,Atualizada em 26/Abr/2024 16:20 por Nilson - Responsável: Nilson,26/Abr/2024,Nilson,Nilson
normas-de-uso,https://www.sorocaba.unesp.br/#!/pesquisa/multiusuario/normas-de-uso,Atualizada em 11/Mar/2015 11:51 por Nilson - Responsável: Nilson,11/Mar/2015,Nilson,Nilson
solicitacao-de-uso,https://www.sorocaba.unesp.br/#!/pesquisa/multiusuario/solicitacao-de-uso,Atualizada em 08/Mai/2014 10:49 por Nilson - Responsável: Nilson,08/Mai/2014,Nilson,Nilson
comissao-de-gerenciamento,https://www.sorocaba.unesp.br/#!/pesquisa/multiusuario/comissao-de-gerenciamento,Atualizada em 09/Mai/2013 10:50 por Nilson - Responsável: Nilson,09/Mai/2013,Nilson,Nilson
comissao-de-usuarios1526,https://www.sorocaba.unesp.br/#!/pesquisa/multiusuario/comissao-de-usuarios1526,Not Found,Not Found,Not Found,Not Found
custos1476,https://www.sorocaba.unesp.br/#!/pesquisa/multiusuario/custos1476,Atualizada em 15/Jun/2015 14:18 por Nilson - Responsável: Nilson,15/Jun/2015,Nilson,Nilson
contato,https://www.sorocaba.unesp.br/#!/pesquisa/multiusuario/contato,Atualizada em 31/Mai/2019 09:21 por Nilson - Responsável: Nilson,31/Mai/2019,Nilson,Nilson
laboratorio-de-analise-e-caracterizacao-de-amostras,https://www.sorocaba.unesp.br/#!/pesquisa/laboratorio-de-analise-e-caracterizacao-de-amostras,Atualizada em 23/Mai/2013 10:38 por Nilson - Responsável: Nilson,23/Mai/2013,Nilson,Nilson
apresentacao,https://www.sorocaba.unesp.br/#!/pesquisa/laboratorio-de-analise-e-caracterizacao-de-amostras/apresentacao,Atualizada em 12/Abr/2014 16:35 por Leonardo Fernandes Fraceto - Responsável: Danilo,12/Abr/2014,Leonardo Fernandes Fraceto,Danilo
equipamento,https://www.sorocaba.unesp.br/#!/pesquisa/laboratorio-de-analise-e-caracterizacao-de-amostras/equipamento,Atualizada em 12/Abr/2014 16:35 por Leonardo Fernandes Fraceto - Responsável: Danilo,15/Ago/2022,Gisele,Danilo
acesso-ao-equipamento,https://www.sorocaba.unesp.br/#!/pesquisa/laboratorio-de-analise-e-caracterizacao-de-amostras/acesso-ao-equipamento,Atualizada em 15/Ago/2022 08:59 por Gisele - Responsável: Danilo,15/Ago/2022,Leonardo Fernandes Fraceto,Danilo
normas-de-uso-dos-equipamentos,https://www.sorocaba.unesp.br/#!/pesquisa/laboratorio-de-analise-e-caracterizacao-de-amostras/normas-de-uso-dos-equipamentos,Atualizada em 12/Abr/2014 16:31 por Leonardo Fernandes Fraceto - Responsável: Danilo,12/Abr/2014,Leonardo Fernandes Fraceto,Danilo
custeio-do-uso-do-equipamento,https://www.sorocaba.unesp.br/#!/pesquisa/laboratorio-de-analise-e-caracterizacao-de-amostras/custeio-do-uso-do-equipamento,Atualizada em 02/Nov/2017 07:42 por Leonardo Fernandes Fraceto - Responsável: Danilo,02/Nov/2017,Leonardo Fernandes Fraceto,Danilo
solicitacao-de-uso,https://www.sorocaba.unesp.br/#!/pesquisa/laboratorio-de-analise-e-caracterizacao-de-amostras/solicitacao-de-uso,Atualizada em 12/Abr/2014 16:33 por Leonardo Fernandes Fraceto - Responsável: Danilo,12/Abr/2014,Leonardo Fernandes Fraceto,Danilo
contato,https://www.sorocaba.unesp.br/#!/pesquisa/laboratorio-de-analise-e-caracterizacao-de-amostras/contato,Atualizada em 02/Nov/2017 07:43 por Leonardo Fernandes Fraceto - Responsável: Danilo,02/Nov/2017,Leonardo Fernandes Fraceto,Danilo
laboratorio-de-investigacao-em-filmes-e-superficies-lifs,https://www.sorocaba.unesp.br/#!/pesquisa/laboratorio-de-investigacao-em-filmes-e-superficies-lifs,Atualizada em 02/Nov/2017 07:44 por Leonardo Fernandes Fraceto - Responsável: Danilo,02/Nov/2017,Leonardo Fernandes Fraceto,Danilo
apresentacao,https://www.sorocaba.unesp.br/#!/pesquisa/equipamentos-multiusuarios/apresentacao,Atualizada em 25/Abr/2019 15:45 por - Responsável: Danilo,25/Abr/2019,,Danilo
equipamentos,https://www.sorocaba.unesp.br/#!/pesquisa/equipamentos-multiusuarios/equipamentos,Atualizada em 25/Abr/2019 15:45 por - Responsável: Danilo,25/Abr/2019,,Danilo
regras-de-uso,https://www.sorocaba.unesp.br/#!/pesquisa/equipamentos-multiusuarios/regras-de-uso,Atualizada em 17/Set/2025 15:46 por Alexandre de Oliveira Jorgetto - Responsável: Leonardo Fernandes Fraceto,17/Set/2025,Alexandre de Oliveira Jorgetto,Leonardo Fernandes Fraceto
comissao-de-gestao,https://www.sorocaba.unesp.br/#!/pesquisa/equipamentos-multiusuarios/comissao-de-gestao,Atualizada em 14/Nov/2023 09:09 por Leonardo Fernandes Fraceto - Responsável: Leonardo Fernandes Fraceto,14/Nov/2023,Leonardo Fernandes Fraceto,Leonardo Fernandes Fraceto
contatos,https://www.sorocaba.unesp.br/#!/pesquisa/equipamentos-multiusuarios/contatos,Atualizada em 14/Nov/2023 08:30 por Leonardo Fernandes Fraceto - Responsável: Leonardo Fernandes Fraceto,14/Nov/2023,Leonardo Fernandes Fraceto,Leonardo Fernandes Fraceto
comissao-assessora-de-pesquisa,https://www.sorocaba.unesp.br/#!/pesquisa/comissao-assessora-de-pesquisa,Atualizada em 14/Nov/2023 09:10 por Leonardo Fernandes Fraceto - Responsável: Leonardo Fernandes Fraceto,14/Nov/2023,Leonardo Fernandes Fraceto,Leonardo Fernandes Fraceto
atas-e-pautas,https://www.sorocaba.unesp.br/#!/pesquisa/comissao-assessora-de-pesquisa/atas-e-pautas,Atualizada em 25/Jun/2025 14:05 por Marcos Malaquias - Responsável: Danilo,25/Jun/2025,Marcos Malaquias,Danilo
composicao,https://www.sorocaba.unesp.br/#!/pesquisa/comissao-assessora-de-pesquisa/composicao,Atualizada em 21/Mar/2023 11:45 por Marcos Malaquias - Responsável: Danilo,21/Mar/2023,Marcos Malaquias,Danilo
calendario,https://www.sorocaba.unesp.br/#!/pesquisa/comissao-assessora-de-pesquisa/calendario,Atualizada em 25/Jun/2025 14:05 por Marcos Malaquias - Responsável: Danilo,25/Jun/2025,Danilo,Danilo
congresso-de-iniciacao-cientifica-cic,https://www.sorocaba.unesp.br/#!/pesquisa/congresso-de-iniciacao-cientifica-cic,Atualizada em 04/Dez/2023 10:06 por Danilo - Responsável: Danilo,04/Dez/2023,Danilo,Danilo
regulamento-da-1-fase,https://www.sorocaba.unesp.br/#!/pesquisa/congresso-de-iniciacao-cientifica-cic/regulamento-da-1-fase,Atualizada em 05/Ago/2025 17:01 por Marcos Malaquias - Responsável: Marcos Malaquias,05/Ago/2025,Marcos Malaquias,Marcos Malaquias
cronograma,https://www.sorocaba.unesp.br/#!/pesquisa/congresso-de-iniciacao-cientifica-cic/cronograma,Atualizada em 08/Ago/2025 16:36 por Marcos Malaquias - Responsável: Marcos Malaquias,08/Ago/2025,Marcos Malaquias,Marcos Malaquias
resultados,https://www.sorocaba.unesp.br/#!/pesquisa/congresso-de-iniciacao-cientifica-cic/resultados,Atualizada em 16/Out/2025 14:21 por Marcos Malaquias - Responsável: Marcos Malaquias,16/Out/2025,Marcos Malaquias,Marcos Malaquias
classificados-2-fase-e-premiacao,https://www.sorocaba.unesp.br/#!/pesquisa/congresso-de-iniciacao-cientifica-cic/classificados-2-fase-e-premiacao,Atualizada em 15/Out/2025 13:31 por Marcos Malaquias - Responsável: Marcos Malaquias,15/Out/2025,Marcos Malaquias,Marcos Malaquias
comissoes-de-etica-em-pesquisa,https://www.sorocaba.unesp.br/#!/pesquisa/comissoes-de-etica-em-pesquisa,Atualizada em 15/Out/2025 13:46 por Marcos Malaquias - Responsável: Marcos Malaquias,15/Out/2025,Marcos Malaquias,Marcos Malaquias
comunidade,https://www.sorocaba.unesp.br/#!/comunidade,Not Found,Not Found,Not Found,Not Found
documentos,https://www.sorocaba.unesp.br/#!/comunidade/documentos,Atualizada em 17/Set/2024 00:23 por Fernando Marafão - Responsável: Fernando Marafão,17/Set/2024,Fernando Marafão,Fernando Marafão
projetos,https://www.sorocaba.unesp.br/#!/comunidade/projetos,Not Found,Not Found,Not Found,Not Found
eventos,https://www.sorocaba.unesp.br/#!/comunidade/eventos,Atualizada em 16/Set/2024 23:32 por Fernando Marafão - Responsável: Fernando Marafão,16/Set/2024,Fernando Marafão,Fernando Marafão
cultura-e-esportes,https://www.sorocaba.unesp.br/#!/comunidade/cultura-e-esportes,Atualizada em 02/Abr/2024 10:05 por Gisele - Responsável: Fernando Marafão,02/Abr/2024,Gisele,Fernando Marafão
agenda-de-eventos,https://www.sorocaba.unesp.br/#!/comunidade/cultura-e-esportes/agenda-de-eventos,Atualizada em 09/Dez/2024 11:26 por Gisele - Responsável: Fernando Marafão,09/Dez/2024,Gisele,Fernando Marafão
eventos-realizados,https://www.sorocaba.unesp.br/#!/comunidade/cultura-e-esportes/eventos-realizados,Atualizada em 09/Dez/2024 11:26 por Gisele - Responsável: Fernando Marafão,09/Dez/2024,Gisele,Fernando Marafão
comissao-cac,https://www.sorocaba.unesp.br/#!/comunidade/cultura-e-esportes/comissao-cac,Atualizada em 09/Dez/2024 11:26 por Gisele - Responsável: Fernando Marafão,09/Dez/2024,Gisele,Fernando Marafão
normas,https://www.sorocaba.unesp.br/#!/comunidade/cultura-e-esportes/normas,Atualizada em 03/Fev/2025 16:06 por Gisele - Responsável: Fernando Marafão,03/Fev/2025,Gisele,Fernando Marafão
esportes,https://www.sorocaba.unesp.br/#!/comunidade/esportes,Atualizada em 03/Fev/2025 16:06 por Gisele - Responsável: Fernando Marafão,03/Fev/2025,Gisele,Fernando Marafão
apresentacao,https://www.sorocaba.unesp.br/#!/comunidade/esportes/apresentacao,Atualizada em 18/Ago/2023 16:33 por Gisele - Responsável: Carlos Reche,18/Ago/2023,Gisele,Carlos Reche
eventos-realizados,https://www.sorocaba.unesp.br/#!/comunidade/esportes/eventos-realizados,Not Found,Not Found,Not Found,Not Found
comissao,https://www.sorocaba.unesp.br/#!/comunidade/esportes/comissao,Atualizada em 21/Ago/2023 08:48 por Gisele - Responsável: Fernando Marafão,21/Ago/2023,Gisele,Fernando Marafão
links,https://www.sorocaba.unesp.br/#!/comunidade/esportes/links,Atualizada em 16/Out/2025 09:01 por Gisele - Responsável: Carlos Reche,16/Out/2025,Gisele,Carlos Reche
ligas-academicas,https://www.sorocaba.unesp.br/#!/comunidade/ligas-academicas,Atualizada em 21/Ago/2023 08:31 por - Responsável: Fernando Marafão,21/Ago/2023,,Fernando Marafão
apresentacao,https://www.sorocaba.unesp.br/#!/comunidade/ligas-academicas/apresentacao,Atualizada em 19/Mai/2025 11:08 por Ermogenes - Responsável: Fernando Marafão,19/Mai/2025,Ermogenes,Fernando Marafão
ligas-academicas-credenciadas,https://www.sorocaba.unesp.br/#!/comunidade/ligas-academicas/ligas-academicas-credenciadas,Atualizada em 29/Fev/2024 11:20 por Ermogenes - Responsável: Fernando Marafão,29/Fev/2024,Ermogenes,Fernando Marafão
empresa-junior---dinamica,https://www.sorocaba.unesp.br/#!/comunidade/empresa-junior---dinamica,Atualizada em 29/Fev/2024 11:20 por Ermogenes - Responsável: Fernando Marafão,29/Fev/2024,Ermogenes,Fernando Marafão
comissao-permanente,https://www.sorocaba.unesp.br/#!/comunidade/comissao-permanente,Atualizada em 03/Jun/2023 17:27 por Ingrid Carpim Ambar - Responsável: Ingrid Carpim Ambar,03/Jun/2023,Ingrid Carpim Ambar,Ingrid Carpim Ambar
composicao,https://www.sorocaba.unesp.br/#!/comunidade/comissao-permanente/composicao,Atualizada em 26/Jun/2025 14:45 por Ermogenes - Responsável: Fernando Marafão,26/Jun/2025,Ermogenes,Fernando Marafão
atas-da-cpeuc,https://www.sorocaba.unesp.br/#!/comunidade/comissao-permanente/atas-da-cpeuc,Atualizada em 26/Jun/2025 14:45 por Ermogenes - Responsável: Fernando Marafão,26/Jun/2025,Ermogenes,Fernando Marafão
calendario,https://www.sorocaba.unesp.br/#!/comunidade/comissao-permanente/calendario,Not Found,Not Found,Not Found,Not Found
legislacao,https://www.sorocaba.unesp.br/#!/comunidade/comissao-permanente/legislacao,Atualizada em 21/Jan/2025 18:06 por Ermogenes - Responsável: Ermogenes,21/Jan/2025,Ermogenes,Ermogenes
guias-e-tutoriais,https://www.sorocaba.unesp.br/#!/comunidade/comissao-permanente/guias-e-tutoriais,Not Found,Not Found,Not Found,Not Found
grupos-de-competicao,https://www.sorocaba.unesp.br/#!/comunidade/grupos-de-competicao,Not Found,Not Found,Not Found,Not Found
home,https://www.sorocaba.unesp.br/#!/comunidade/grupos-de-competicao/home,Atualizada em 28/Mai/2025 15:50 por Marilza Antunes de Lemos - Responsável: Marilza Antunes de Lemos,28/Mai/2025,Marilza Antunes de Lemos,Marilza Antunes de Lemos
team,https://www.sorocaba.unesp.br/#!/comunidade/grupos-de-competicao/team,Atualizada em 28/Mai/2025 15:50 por Marilza Antunes de Lemos - Responsável: Marilza Antunes de Lemos,28/Mai/2025,Marilza Antunes de Lemos,Marilza Antunes de Lemos
ongoing-projects,https://www.sorocaba.unesp.br/#!/comunidade/grupos-de-competicao/ongoing-projects,Atualizada em 02/Jun/2025 12:18 por Marilza Antunes de Lemos - Responsável: Marilza Antunes de Lemos,02/Jun/2025,Marilza Antunes de Lemos,Marilza Antunes de Lemos
history,https://www.sorocaba.unesp.br/#!/comunidade/grupos-de-competicao/history,Atualizada em 03/Jun/2025 01:29 por Marilza Antunes de Lemos - Responsável: Marilza Antunes de Lemos,03/Jun/2025,Marilza Antunes de Lemos,Marilza Antunes de Lemos
publications,https://www.sorocaba.unesp.br/#!/comunidade/grupos-de-competicao/publications,Atualizada em 02/Jun/2025 05:23 por Marilza Antunes de Lemos - Responsável: Marilza Antunes de Lemos,02/Jun/2025,Marilza Antunes de Lemos,Marilza Antunes de Lemos
students-team,https://www.sorocaba.unesp.br/#!/comunidade/grupos-de-competicao/students-team,Atualizada em 01/Jun/2025 02:38 por Marilza Antunes de Lemos - Responsável: Marilza Antunes de Lemos,01/Jun/2025,Marilza Antunes de Lemos,Marilza Antunes de Lemos
photos,https://www.sorocaba.unesp.br/#!/comunidade/grupos-de-competicao/photos,Atualizada em 28/Mai/2025 16:00 por Marilza Antunes de Lemos - Responsável: Marilza Antunes de Lemos,28/Mai/2025,Marilza Antunes de Lemos,Marilza Antunes de Lemos
internacional,https://www.sorocaba.unesp.br/#!/internacional,Atualizada em 06/Jun/2025 19:09 por Marilza Antunes de Lemos - Responsável: Marilza Antunes de Lemos,06/Jun/2025,Marilza Antunes de Lemos,Marilza Antunes de Lemos
fale-conosco,https://www.sorocaba.unesp.br/#!/internacional/fale-conosco,Atualizada em 21/Ago/2025 18:33 por Ermogenes - Responsável: William Dantas Vichete,21/Ago/2025,Ermogenes,William Dantas Vichete
concursos,https://www.sorocaba.unesp.br/#!/concursos,Not Found,Not Found,Not Found,Not Found
concurso-livre-docente,https://www.sorocaba.unesp.br/#!/concursos/concurso-livre-docente,Not Found,Not Found,Not Found,Not Found
concursos-abertos,https://www.sorocaba.unesp.br/#!/concursos/concurso-livre-docente/concursos-abertos,Atualizada em 08/Abr/2020 13:02 por - Responsável: Rodrial Shwermann Barros Rodrigues,08/Abr/2020,,Rodrial Shwermann Barros Rodrigues
concurso-tecnico-administrativo,https://www.sorocaba.unesp.br/#!/concursos/concurso-tecnico-administrativo,Atualizada em 07/Jun/2023 10:59 por Marcos Malaquias - Responsável: Marcos Malaquias,07/Jun/2023,Marcos Malaquias,Marcos Malaquias
transparencia,https://www.sorocaba.unesp.br/#!/transparencia,Atualizada em 30/Jul/2025 15:11 por Rodrial Shwermann Barros Rodrigues - Responsável: Rodrial Shwermann Barros Rodrigues,30/Jul/2025,Rodrial Shwermann Barros Rodrigues,Rodrial Shwermann Barros Rodrigues
atividades-academicas,https://www.sorocaba.unesp.br/#!/transparencia/atividades-academicas,Atualizada em 04/Jan/2016 11:55 por Gisele - Responsável: Fabricio Ferreira Marciano,04/Jan/2016,Gisele,Fabricio Ferreira Marciano
graduacao,https://www.sorocaba.unesp.br/#!/transparencia/atividades-academicas/graduacao,Atualizada em 04/Jan/2016 11:55 por Gisele - Responsável: Fabricio Ferreira Marciano,04/Jan/2016,Gisele,Fabricio Ferreira Marciano
pos-graduacao,https://www.sorocaba.unesp.br/#!/transparencia/atividades-academicas/pos-graduacao,Atualizada em 26/Set/2023 10:57 por Marcos Dionizio - Responsável: Rogerio Moreno Rosa,26/Set/2023,Marcos Dionizio,Rogerio Moreno Rosa
pesquisa,https://www.sorocaba.unesp.br/#!/transparencia/atividades-academicas/pesquisa,Atualizada em 02/Jul/2025 17:03 por Carlos Reche - Responsável: Carlos Reche,02/Jul/2025,Carlos Reche,Carlos Reche
extensao,https://www.sorocaba.unesp.br/#!/transparencia/atividades-academicas/extensao,Atualizada em 02/Jul/2025 17:03 por Carlos Reche - Responsável: Carlos Reche,02/Jul/2025,Carlos Reche,Carlos Reche
gestao,https://www.sorocaba.unesp.br/#!/transparencia/gestao,Atualizada em 17/Set/2024 00:23 por Fernando Marafão - Responsável: Fernando Marafão,17/Set/2024,Fernando Marafão,Fernando Marafão
balancos,https://www.sorocaba.unesp.br/#!/transparencia/gestao/balancos,Atualizada em 17/Set/2024 00:23 por Fernando Marafão - Responsável: Fernando Marafão,17/Set/2024,Fernando Marafão,Fernando Marafão
despesas-pagas,https://www.sorocaba.unesp.br/#!/transparencia/gestao/despesas-pagas,Atualizada em 11/Abr/2025 16:03 por Rogério Pinto de Camargo - Responsável: Rogério Pinto de Camargo,11/Abr/2025,Rogério Pinto de Camargo,Rogério Pinto de Camargo
pdi,https://www.sorocaba.unesp.br/#!/transparencia/gestao/pdi,Not Found,Not Found,Not Found,Not Found
servico-de-aceso-a-informacao,https://www.sorocaba.unesp.br/#!/transparencia/servico-de-aceso-a-informacao,Not Found,Not Found,Not Found,Not Found
licitacoes,https://www.sorocaba.unesp.br/#!/transparencia/licitacoes,Not Found,Not Found,Not Found,Not Found
concorrencia-01-2025-sor-icts,https://www.sorocaba.unesp.br/#!/transparencia/licitacoes/concorrencia-01-2025-sor-icts,Not Found,Not Found,Not Found,Not Found
pregao-01-2025---emenda-parlamentar,https://www.sorocaba.unesp.br/#!/transparencia/licitacoes/pregao-01-2025---emenda-parlamentar,Not Found,Not Found,Not Found,Not Found
unesp-sorocaba-realiza-37-congresso-de-iniciacao-cientifica-e-destaca-projetos-inovadores-dos-alunos,https://www.sorocaba.unesp.br/#!/noticias/v/id::1770/unesp-sorocaba-realiza-37-congresso-de-iniciacao-cientifica-e-destaca-projetos-inovadores-dos-alunos,Not Found,Not Found,Not Found,Not Found
mudanca-climatica-e-cidades-resilientes-disciplina-oferecida-na-unesp-sorocaba-discute-emergencias-contemporaneas,https://www.sorocaba.unesp.br/#!/noticias/v/id::1774/mudanca-climatica-e-cidades-resilientes-disciplina-oferecida-na-unesp-sorocaba-discute-emergencias-contemporaneas,Not Found,Not Found,Not Found,Not Found
concursos-de-professor-assistente-rdidp-2025,https://www.sorocaba.unesp.br/#!/noticias/v/id::1773/concursos-de-professor-assistente-rdidp-2025,Not Found,Not Found,Not Found,Not Found
unesp-sorocaba-marca-presenca-no-congresso-brasileiro-de-eletronica-de-potencia-2025-com-apresentacoes-realizadas-por-professores-e-alunos,https://www.sorocaba.unesp.br/#!/noticias/v/id::1771/unesp-sorocaba-marca-presenca-no-congresso-brasileiro-de-eletronica-de-potencia-2025-com-apresentacoes-realizadas-por-professores-e-alunos,Not Found,Not Found,Not Found,Not Found
unesp-sobe-para-o-3-lugar-entre-as-melhores-universidades-do-brasil-em-ranking-internacional,https://www.sorocaba.unesp.br/#!/noticias/v/id::1772/unesp-sobe-para-o-3-lugar-entre-as-melhores-universidades-do-brasil-em-ranking-internacional,Not Found,Not Found,Not Found,Not Found
noticias,https://www.sorocaba.unesp.br/#!/noticias,Not Found,Not Found,Not Found,Not Found
biblioteca,https://www.sorocaba.unesp.br/#!/biblioteca,Not Found,Not Found,Not Found,Not Found
lmcmat,https://www.sorocaba.unesp.br/#!/lmcmat,Atualizada em 02/Set/2025 14:17 por Lucimara Kurokawa Shinoda - Responsável: Sabrina Luana da Silva Gonçalves,02/Set/2025,Lucimara Kurokawa Shinoda,Sabrina Luana da Silva Gonçalves
lmna,https://www.sorocaba.unesp.br/#!/lmna,Atualizada em 31/Mai/2019 09:23 por Nilson - Responsável: Nilson,31/Mai/2019,Nilson,Nilson
licitacoes,https://www.sorocaba.unesp.br/#!/licitacoes,Atualizada em 14/Nov/2023 09:11 por Leonardo Fernandes Fraceto - Responsável: Leonardo Fernandes Fraceto,14/Nov/2023,Leonardo Fernandes Fraceto,Leonardo Fernandes Fraceto
pregao-presencial-n-01-2023,https://www.sorocaba.unesp.br/#!/licitacoes/pregao-presencial-n-01-2023,Atualizada em 02/Fev/2024 11:40 por Samara Lara Obara - Responsável: Samara Lara Obara,02/Fev/2024,Samara Lara Obara,Samara Lara Obara
telefones,https://www.sorocaba.unesp.br/#!/telefones,Not Found,Not Found,Not Found,Not Found
teste1,https://www.sorocaba.unesp.br/#!/ensino/departamentos/engenharia-ambiental3152/teste1,Atualizada em 09/Nov/2018 15:56 por Gisele - Responsável: Fernando Marafão,09/Nov/2018,Gisele,Fernando Marafão
teste2,https://www.sorocaba.unesp.br/#!/ensino/departamentos/engenharia-ambiental3152/teste2,Atualizada em 09/Nov/2018 15:56 por Gisele - Responsável: Fernando Marafão,09/Nov/2018,Gisele,Fernando Marafão
chefia-do-dea,https://www.sorocaba.unesp.br/#!/ensino/departamentos/engenharia-ambiental3152/teste2/chefia-do-dea,Atualizada em 12/Mar/2024 14:35 por Giovana Maia Antonangelo - Responsável: Giovana Maia Antonangelo,12/Mar/2024,Giovana Maia Antonangelo,Giovana Maia Antonangelo
conselho-do-dea,https://www.sorocaba.unesp.br/#!/ensino/departamentos/engenharia-ambiental3152/teste2/conselho-do-dea,Atualizada em 04/Set/2025 15:02 por Giovana Maia Antonangelo - Responsável: Giovana Maia Antonangelo,04/Set/2025,Giovana Maia Antonangelo,Giovana Maia Antonangelo
gestao-2020---2022,https://www.sorocaba.unesp.br/#!/ensino/departamentos/engenharia-ambiental3152/teste2/conselho-do-dea/gestao-2020---2022,Atualizada em 12/Mar/2024 13:41 por - Responsável: Giovana Maia Antonangelo,12/Mar/2024,,Giovana Maia Antonangelo
gestao-2022---2024,https://www.sorocaba.unesp.br/#!/ensino/departamentos/engenharia-ambiental3152/teste2/conselho-do-dea/gestao-2022---2024,Atualizada em 12/Mar/2024 14:51 por Giovana Maia Antonangelo - Responsável: Giovana Maia Antonangelo,12/Mar/2024,Giovana Maia Antonangelo,Giovana Maia Antonangelo
gestao-2024---2026,https://www.sorocaba.unesp.br/#!/ensino/departamentos/engenharia-ambiental3152/teste2/conselho-do-dea/gestao-2024---2026,Atualizada em 12/Mar/2024 14:51 por Giovana Maia Antonangelo - Responsável: Giovana Maia Antonangelo,12/Mar/2024,Giovana Maia Antonangelo,Giovana Maia Antonangelo
inicio,https://www.sorocaba.unesp.br/#!/ensino/departamentos/engenharia-de-controle-e-automacao/inicio,Atualizada em 12/Mar/2024 14:51 por Giovana Maia Antonangelo - Responsável: Giovana Maia Antonangelo,12/Mar/2024,Giovana Maia Antonangelo,Giovana Maia Antonangelo
apresentacao,https://www.sorocaba.unesp.br/#!/ensino/departamentos/engenharia-de-controle-e-automacao/apresentacao,Atualizada em 27/Ago/2025 11:36 por Fabiane - Responsável: Carina Yurie Esaki,27/Ago/2025,Fabiane,Carina Yurie Esaki
estrutura-administrativa,https://www.sorocaba.unesp.br/#!/ensino/departamentos/engenharia-de-controle-e-automacao/estrutura-administrativa,Atualizada em 23/Mar/2023 11:48 por Fabiane - Responsável: Carina Yurie Esaki,23/Mar/2023,Fabiane,Carina Yurie Esaki
conselho-do-deca,https://www.sorocaba.unesp.br/#!/ensino/departamentos/engenharia-de-controle-e-automacao/estrutura-administrativa/conselho-do-deca,Atualizada em 23/Mar/2023 11:48 por Fabiane - Responsável: Carina Yurie Esaki,23/Mar/2023,Fabiane,Carina Yurie Esaki
gestao-2024-2026,https://www.sorocaba.unesp.br/#!/ensino/departamentos/engenharia-de-controle-e-automacao/estrutura-administrativa/conselho-do-deca/gestao-2024-2026,Atualizada em 03/Fev/2025 09:27 por Fabiane - Responsável: Carina Yurie Esaki,03/Fev/2025,Fabiane,Carina Yurie Esaki
gestao-2022-2024,https://www.sorocaba.unesp.br/#!/ensino/departamentos/engenharia-de-controle-e-automacao/estrutura-administrativa/conselho-do-deca/gestao-2022-2024,Atualizada em 03/Fev/2025 09:27 por Fabiane - Responsável: Carina Yurie Esaki,03/Fev/2025,Fabiane,Carina Yurie Esaki
gestao-2020-2022,https://www.sorocaba.unesp.br/#!/ensino/departamentos/engenharia-de-controle-e-automacao/estrutura-administrativa/conselho-do-deca/gestao-2020-2022,Atualizada em 01/Fev/2023 08:56 por Fabiane - Responsável: Carina Yurie Esaki,01/Fev/2023,Fabiane,Carina Yurie Esaki
chefia-do-departamento,https://www.sorocaba.unesp.br/#!/ensino/departamentos/engenharia-de-controle-e-automacao/estrutura-administrativa/chefia-do-departamento,Atualizada em 17/Mar/2022 11:44 por Fabiane - Responsável: Carina Yurie Esaki,17/Mar/2022,Fabiane,Carina Yurie Esaki
gestao-2024-2026,https://www.sorocaba.unesp.br/#!/ensino/departamentos/engenharia-de-controle-e-automacao/estrutura-administrativa/chefia-do-departamento/gestao-2024-2026,Atualizada em 17/Set/2025 09:37 por Fabiane - Responsável: Carina Yurie Esaki,17/Set/2025,Fabiane,Carina Yurie Esaki
gestao-2022-2024,https://www.sorocaba.unesp.br/#!/ensino/departamentos/engenharia-de-controle-e-automacao/estrutura-administrativa/chefia-do-departamento/gestao-2022-2024,Atualizada em 17/Set/2025 09:37 por Fabiane - Responsável: Carina Yurie Esaki,17/Set/2025,Fabiane,Carina Yurie Esaki
gestao-2020-2022,https://www.sorocaba.unesp.br/#!/ensino/departamentos/engenharia-de-controle-e-automacao/estrutura-administrativa/chefia-do-departamento/gestao-2020-2022,Atualizada em 17/Mar/2022 11:47 por - Responsável: Carina Yurie Esaki,17/Mar/2022,,Carina Yurie Esaki
normas,https://www.sorocaba.unesp.br/#!/ensino/departamentos/engenharia-de-controle-e-automacao/estrutura-administrativa/normas,Atualizada em 17/Mar/2022 11:42 por - Responsável: Carina Yurie Esaki,17/Mar/2022,,Carina Yurie Esaki
equipe,https://www.sorocaba.unesp.br/#!/ensino/departamentos/engenharia-de-controle-e-automacao/equipe,Atualizada em 04/Abr/2023 15:11 por Fabiane - Responsável: Carina Yurie Esaki,04/Abr/2023,Fabiane,Carina Yurie Esaki
docentes,https://www.sorocaba.unesp.br/#!/ensino/departamentos/engenharia-de-controle-e-automacao/equipe/docentes,Atualizada em 31/Jan/2020 08:59 por - Responsável: Carina Yurie Esaki,31/Jan/2020,,Carina Yurie Esaki
engenharia-ambiental,https://www.sorocaba.unesp.br/#!/graduacao/engenharia-ambiental,Atualizada em 06/Ago/2025 09:30 por Fabiane - Responsável: Carina Yurie Esaki,06/Ago/2025,Fabiane,Carina Yurie Esaki
engenharia-de-controle-e-automacao,https://www.sorocaba.unesp.br/#!/graduacao/engenharia-de-controle-e-automacao,Atualizada em 22/Out/2024 15:17 por Marcos Dionizio - Responsável: Marcos Dionizio,22/Out/2024,Marcos Dionizio,Marcos Dionizio
--engenharia-eletrica-local,https://www.sorocaba.unesp.br/#!/pos-graduacao/--engenharia-eletrica-local,Atualizada em 03/Set/2025 19:59 por Adriano Luiz Imenes Dias - Responsável: Adriano Luiz Imenes Dias,03/Set/2025,Adriano Luiz Imenes Dias,Adriano Luiz Imenes Dias
2022,https://www.sorocaba.unesp.br/#!/comunidade/cultura-e-esportes/eventos-realizados/2022,Atualizada em 16/Out/2025 15:49 por Isabela Rita Hernendes Peres - Responsável: Isabela Rita Hernendes Peres,16/Out/2025,Isabela Rita Hernendes Peres,Isabela Rita Hernendes Peres
2023,https://www.sorocaba.unesp.br/#!/comunidade/cultura-e-esportes/eventos-realizados/2023,Atualizada em 11/Set/2024 15:21 por Gisele - Responsável: Fernando Marafão,11/Set/2024,Gisele,Fernando Marafão
2024,https://www.sorocaba.unesp.br/#!/comunidade/cultura-e-esportes/eventos-realizados/2024,Atualizada em 11/Set/2024 15:18 por Gisele - Responsável: Fernando Marafão,11/Set/2024,Gisele,Fernando Marafão
apresentacao,https://www.sorocaba.unesp.br/#!/extensao/ao-vivo-e-em-cores/apresentacao,Atualizada em 09/Dez/2024 11:31 por Gisele - Responsável: Fernando Marafão,09/Dez/2024,Gisele,Fernando Marafão
lince---liga-de-inteligencia-neurocomputacional-na-engenharia,https://www.sorocaba.unesp.br/#!/comunidade/ligas-academicas/ligas-academicas-credenciadas/lince---liga-de-inteligencia-neurocomputacional-na-engenharia,Atualizada em 09/Dez/2024 11:31 por Gisele - Responsável: Fernando Marafão,09/Dez/2024,Gisele,Fernando Marafão
atas-ate-2022,https://www.sorocaba.unesp.br/#!/comunidade/comissao-permanente/atas-da-cpeuc/atas-ate-2022,Atualizada em 31/Jan/2024 08:18 por Gisele - Responsável: Fernando Marafão,31/Jan/2024,Gisele,Fernando Marafão
atas-a-partir-de-2023,https://www.sorocaba.unesp.br/#!/comunidade/comissao-permanente/atas-da-cpeuc/atas-a-partir-de-2023,Atualizada em 31/Jan/2024 08:18 por Gisele - Responsável: Fernando Marafão,31/Jan/2024,Gisele,Fernando Marafão
sobre-a-biblioteca,https://www.sorocaba.unesp.br/#!/sobre-o-campus/biblioteca/sobre-a-biblioteca,Atualizada em 20/Out/2023 11:13 por Ermogenes - Responsável: Ermogenes,20/Out/2023,Ermogenes,Ermogenes
equipe,https://www.sorocaba.unesp.br/#!/sobre-o-campus/biblioteca/sobre-a-biblioteca/equipe,Not Found,Not Found,Not Found,Not Found
horario-de-funcionamento,https://www.sorocaba.unesp.br/#!/sobre-o-campus/biblioteca/sobre-a-biblioteca/horario-de-funcionamento,Not Found,Not Found,Not Found,Not Found
regulamento,https://www.sorocaba.unesp.br/#!/sobre-o-campus/biblioteca/sobre-a-biblioteca/regulamento,Atualizada em 26/Set/2023 08:29 por Lucimara Kurokawa Shinoda - Responsável: Sabrina Luana da Silva Gonçalves,26/Set/2023,Lucimara Kurokawa Shinoda,Sabrina Luana da Silva Gonçalves
regimento-interno,https://www.sorocaba.unesp.br/#!/sobre-o-campus/biblioteca/sobre-a-biblioteca/regimento-interno,Not Found,Not Found,Not Found,Not Found
comissao-de-boblioteca,https://www.sorocaba.unesp.br/#!/sobre-o-campus/biblioteca/sobre-a-biblioteca/comissao-de-boblioteca,Atualizada em 25/Out/2018 15:34 por Gisele - Responsável: Sabrina Luana da Silva Gonçalves,25/Out/2018,Gisele,Sabrina Luana da Silva Gonçalves
aquisicao-de-livros,https://www.sorocaba.unesp.br/#!/sobre-o-campus/biblioteca/sobre-a-biblioteca/aquisicao-de-livros,Atualizada em 26/Mar/2019 12:25 por Lucimara Kurokawa Shinoda - Responsável: Sabrina Luana da Silva Gonçalves,26/Mar/2019,Lucimara Kurokawa Shinoda,Sabrina Luana da Silva Gonçalves
consulta-ao-acervo,https://www.sorocaba.unesp.br/#!/sobre-o-campus/biblioteca/consulta-ao-acervo,Atualizada em 24/Nov/2023 11:25 por Sabrina Luana da Silva Gonçalves - Responsável: Sabrina Luana da Silva Gonçalves,24/Nov/2023,Sabrina Luana da Silva Gonçalves,Sabrina Luana da Silva Gonçalves
acervo-digital,https://www.sorocaba.unesp.br/#!/sobre-o-campus/biblioteca/acervo-digital,Atualizada em 24/Nov/2023 11:25 por Sabrina Luana da Silva Gonçalves - Responsável: Sabrina Luana da Silva Gonçalves,24/Nov/2023,Sabrina Luana da Silva Gonçalves,Sabrina Luana da Silva Gonçalves
base-de-dados,https://www.sorocaba.unesp.br/#!/sobre-o-campus/biblioteca/acervo-digital/base-de-dados,Not Found,Not Found,Not Found,Not Found
e-books,https://www.sorocaba.unesp.br/#!/sobre-o-campus/biblioteca/acervo-digital/e-books,Atualizada em 17/Mar/2022 14:37 por Lucimara Kurokawa Shinoda - Responsável: Sabrina Luana da Silva Gonçalves,17/Mar/2022,Lucimara Kurokawa Shinoda,Sabrina Luana da Silva Gonçalves
normas-tecnicas,https://www.sorocaba.unesp.br/#!/sobre-o-campus/biblioteca/acervo-digital/normas-tecnicas,Atualizada em 15/Jul/2020 16:06 por Lucimara Kurokawa Shinoda - Responsável: Sabrina Luana da Silva Gonçalves,15/Jul/2020,Lucimara Kurokawa Shinoda,Sabrina Luana da Silva Gonçalves
pautas-e-atas---conselho-dea,https://www.sorocaba.unesp.br/#!/ensino/departamentos/engenharia-ambiental3152/teste2/pautas-e-atas---conselho-dea,Atualizada em 17/Fev/2022 11:52 por Lucimara Kurokawa Shinoda - Responsável: Sabrina Luana da Silva Gonçalves,17/Fev/2022,Lucimara Kurokawa Shinoda,Sabrina Luana da Silva Gonçalves
equipe,https://www.sorocaba.unesp.br/#!/ensino/departamentos/engenharia-ambiental3152/equipe,Atualizada em 10/Abr/2024 16:21 por Giovana Maia Antonangelo - Responsável: Giovana Maia Antonangelo,10/Abr/2024,Giovana Maia Antonangelo,Giovana Maia Antonangelo
tecnicas-do-dea,https://www.sorocaba.unesp.br/#!/ensino/departamentos/engenharia-ambiental3152/equipe/tecnicas-do-dea,Not Found,Not Found,Not Found,Not Found
ensino,https://www.sorocaba.unesp.br/#!/ensino/departamentos/engenharia-ambiental3152/ensino,Atualizada em 22/Mar/2024 14:24 por Giovana Maia Antonangelo - Responsável: Giovana Maia Antonangelo,22/Mar/2024,Giovana Maia Antonangelo,Giovana Maia Antonangelo
pesquisa,https://www.sorocaba.unesp.br/#!/ensino/departamentos/engenharia-ambiental3152/pesquisa,Atualizada em 13/Mar/2024 09:16 por - Responsável: Giovana Maia Antonangelo,13/Mar/2024,,Giovana Maia Antonangelo
estrutura,https://www.sorocaba.unesp.br/#!/graduacao/engenharia-ambiental/laboratorios/estrutura,Atualizada em 13/Mar/2024 09:16 por - Responsável: Giovana Maia Antonangelo,13/Mar/2024,,Giovana Maia Antonangelo
linhas-de-pesquisa,https://www.sorocaba.unesp.br/#!/ensino/departamentos/engenharia-ambiental3152/pesquisa/linhas-de-pesquisa,Atualizada em 23/Nov/2011 13:07 por Gisele - Responsável: Marcos Dionizio,23/Nov/2011,Gisele,Marcos Dionizio
grupos-de-pesquisa,https://www.sorocaba.unesp.br/#!/ensino/departamentos/engenharia-ambiental3152/pesquisa/grupos-de-pesquisa,Atualizada em 23/Nov/2011 13:07 por Gisele - Responsável: Marcos Dionizio,23/Nov/2011,Gisele,Marcos Dionizio
servidores,https://www.sorocaba.unesp.br/#!/ensino/departamentos/engenharia-de-controle-e-automacao/equipe/servidores,Atualizada em 23/Nov/2011 13:07 por Gisele - Responsável: Marcos Dionizio,23/Nov/2011,Gisele,Marcos Dionizio
laboratorios,https://www.sorocaba.unesp.br/#!/ensino/departamentos/engenharia-de-controle-e-automacao/laboratorios,Atualizada em 21/Ago/2024 08:47 por Fabiane - Responsável: Carina Yurie Esaki,21/Ago/2024,Fabiane,Carina Yurie Esaki
linhas-de-pesquisa,https://www.sorocaba.unesp.br/#!/ensino/departamentos/engenharia-de-controle-e-automacao/linhas-de-pesquisa,Atualizada em 03/Mai/2021 08:47 por Gisele - Responsável: Adriano Luiz Imenes Dias,03/Mai/2021,Gisele,Adriano Luiz Imenes Dias
formularios,https://www.sorocaba.unesp.br/#!/ensino/departamentos/engenharia-de-controle-e-automacao/formularios,Atualizada em 01/Jun/2020 09:11 por Fabiane - Responsável: Carina Yurie Esaki,01/Jun/2020,Fabiane,Carina Yurie Esaki
afastamento-de-docente,https://www.sorocaba.unesp.br/#!/ensino/departamentos/engenharia-de-controle-e-automacao/formularios/afastamento-de-docente,Atualizada em 01/Jun/2020 09:11 por Fabiane - Responsável: Carina Yurie Esaki,01/Jun/2020,Fabiane,Carina Yurie Esaki
laboratorios,https://www.sorocaba.unesp.br/#!/ensino/departamentos/engenharia-de-controle-e-automacao/formularios/laboratorios,Atualizada em 03/Set/2025 10:52 por Fabiane - Responsável: Carina Yurie Esaki,03/Set/2025,Fabiane,Carina Yurie Esaki
apresentacao,https://www.sorocaba.unesp.br/#!/graduacao/engenharia-ambiental/apresentacao,Atualizada em 11/Jul/2025 15:56 por Fabiane - Responsável: Carina Yurie Esaki,11/Jul/2025,Fabiane,Carina Yurie Esaki
coordenacao-de-curso,https://www.sorocaba.unesp.br/#!/graduacao/engenharia-ambiental/coordenacao-de-curso,Atualizada em 22/Out/2024 15:17 por Marcos Dionizio - Responsável: Marcos Dionizio,18/Set/2024,Marcos Dionizio,Marcos Dionizio
conselho-de-curso,https://www.sorocaba.unesp.br/#!/graduacao/engenharia-ambiental/conselho-de-curso,Atualizada em 18/Set/2024 09:54 por Marcos Dionizio - Responsável: Marcos Dionizio,18/Set/2024,Marcos Dionizio,Marcos Dionizio
calendario,https://www.sorocaba.unesp.br/#!/graduacao/engenharia-ambiental/conselho-de-curso/calendario,Atualizada em 18/Set/2024 09:54 por Marcos Dionizio - Responsável: Marcos Dionizio,18/Set/2024,Marcos Dionizio,Marcos Dionizio
2024---2026,https://www.sorocaba.unesp.br/#!/graduacao/engenharia-ambiental/conselho-de-curso/2024---2026,Not Found,Not Found,Not Found,Not Found
2022---2024,https://www.sorocaba.unesp.br/#!/graduacao/engenharia-ambiental/conselho-de-curso/2022---2024,Atualizada em 11/Ago/2025 10:27 por Marcos Dionizio - Responsável: Marcos Dionizio,11/Ago/2025,Marcos Dionizio,Marcos Dionizio
2020--2022,https://www.sorocaba.unesp.br/#!/graduacao/engenharia-ambiental/conselho-de-curso/2020--2022,Not Found,Not Found,Not Found,Not Found
2018---2019,https://www.sorocaba.unesp.br/#!/graduacao/engenharia-ambiental/conselho-de-curso/2018---2019,Atualizada em 02/Jun/2021 15:50 por Alline Rodrigues Spinelli - Responsável: Marcos Dionizio,02/Jun/2021,Alline Rodrigues Spinelli,Marcos Dionizio
2015---2017,https://www.sorocaba.unesp.br/#!/graduacao/engenharia-ambiental/conselho-de-curso/2015---2017,Atualizada em 06/Mai/2020 16:06 por Marcos Dionizio - Responsável: Marcos Dionizio,06/Mai/2020,Marcos Dionizio,Marcos Dionizio
2015---20171791,https://www.sorocaba.unesp.br/#!/graduacao/engenharia-ambiental/conselho-de-curso/2015---20171791,Atualizada em 05/Mai/2017 11:35 por Alline Rodrigues Spinelli - Responsável: Marcos Dionizio,05/Mai/2017,Alline Rodrigues Spinelli,Marcos Dionizio
apresentacao,https://www.sorocaba.unesp.br/#!/graduacao/engenharia-ambiental/conselho-de-curso/apresentacao,Atualizada em 03/Mai/2017 16:22 por Alline Rodrigues Spinelli - Responsável: Marcos Dionizio,03/Mai/2017,Alline Rodrigues Spinelli,Marcos Dionizio
docentes,https://www.sorocaba.unesp.br/#!/graduacao/engenharia-ambiental/docentes,Atualizada em 03/Mai/2017 15:43 por Alline Rodrigues Spinelli - Responsável: Marcos Dionizio,03/Mai/2017,Alline Rodrigues Spinelli,Marcos Dionizio
grade-curricular,https://www.sorocaba.unesp.br/#!/graduacao/engenharia-ambiental/grade-curricular,Atualizada em 06/Jun/2025 13:01 por Gisele - Responsável: Giovana Maia Antonangelo,06/Jun/2025,Gisele,Giovana Maia Antonangelo
laboratorios,https://www.sorocaba.unesp.br/#!/graduacao/engenharia-ambiental/laboratorios,Atualizada em 25/Jul/2023 11:08 por Marcos Dionizio - Responsável: Marcos Dionizio,25/Jul/2023,Marcos Dionizio,Marcos Dionizio
equipe,https://www.sorocaba.unesp.br/#!/graduacao/engenharia-ambiental/laboratorios/equipe,Atualizada em 25/Jul/2023 11:08 por Marcos Dionizio - Responsável: Marcos Dionizio,25/Jul/2023,Marcos Dionizio,Marcos Dionizio
anexos,https://www.sorocaba.unesp.br/#!/graduacao/engenharia-ambiental/laboratorios/anexos,Atualizada em 22/Mar/2024 14:24 por Giovana Maia Antonangelo - Responsável: Giovana Maia Antonangelo,22/Mar/2024,Giovana Maia Antonangelo,Giovana Maia Antonangelo
apresentacao,https://www.sorocaba.unesp.br/#!/graduacao/engenharia-de-controle-e-automacao/apresentacao,Atualizada em 18/Nov/2015 16:17 por Suzan - Responsável: Marcos Dionizio,18/Nov/2015,Suzan,Marcos Dionizio
sobre,https://www.sorocaba.unesp.br/#!/graduacao/engenharia-de-controle-e-automacao/apresentacao/sobre,Atualizada em 18/Nov/2015 16:17 por Suzan - Responsável: Marcos Dionizio,18/Nov/2015,Suzan,Marcos Dionizio
credenciamento-no-mec,https://www.sorocaba.unesp.br/#!/graduacao/engenharia-de-controle-e-automacao/apresentacao/credenciamento-no-mec,Atualizada em 21/Jul/2023 16:45 por Adriano Luiz Imenes Dias - Responsável: Marcos Dionizio,21/Jul/2023,Adriano Luiz Imenes Dias,Marcos Dionizio
ic,https://www.sorocaba.unesp.br/#!/graduacao/engenharia-de-controle-e-automacao/apresentacao/ic,Not Found,Not Found,Not Found,Not Found
tcc,https://www.sorocaba.unesp.br/#!/graduacao/engenharia-de-controle-e-automacao/apresentacao/tcc,Atualizada em 03/Dez/2024 18:22 por Adriano Luiz Imenes Dias - Responsável: Adriano Luiz Imenes Dias,03/Dez/2024,Adriano Luiz Imenes Dias,Adriano Luiz Imenes Dias
coordenacao-de-curso,https://www.sorocaba.unesp.br/#!/graduacao/engenharia-de-controle-e-automacao/coordenacao-de-curso,Atualizada em 27/Ago/2025 14:07 por Adriano Luiz Imenes Dias - Responsável: Adriano Luiz Imenes Dias,27/Ago/2025,Adriano Luiz Imenes Dias,Adriano Luiz Imenes Dias
2022-2024,https://www.sorocaba.unesp.br/#!/graduacao/engenharia-de-controle-e-automacao/coordenacao-de-curso/2022-2024,Atualizada em 27/Ago/2025 14:07 por Adriano Luiz Imenes Dias - Responsável: Adriano Luiz Imenes Dias,27/Ago/2025,Adriano Luiz Imenes Dias,Adriano Luiz Imenes Dias
conselho-de-curso,https://www.sorocaba.unesp.br/#!/graduacao/engenharia-de-controle-e-automacao/conselho-de-curso,Atualizada em 17/Set/2024 18:11 por Marcos Dionizio - Responsável: Adriano Luiz Imenes Dias,17/Set/2024,Marcos Dionizio,Adriano Luiz Imenes Dias
teste,https://www.sorocaba.unesp.br/#!/graduacao/engenharia-de-controle-e-automacao/conselho-de-curso/teste,Atualizada em 17/Set/2024 18:11 por Marcos Dionizio - Responsável: Adriano Luiz Imenes Dias,17/Set/2024,Marcos Dionizio,Adriano Luiz Imenes Dias
calendario-de-reunioes,https://www.sorocaba.unesp.br/#!/graduacao/engenharia-de-controle-e-automacao/conselho-de-curso/calendario-de-reunioes,Atualizada em 16/Set/2025 15:43 por Marcos Dionizio - Responsável: Adriano Luiz Imenes Dias,16/Set/2025,Marcos Dionizio,Alline Rodrigues Spinelli
docentes,https://www.sorocaba.unesp.br/#!/graduacao/engenharia-de-controle-e-automacao/docentes,Atualizada em 06/Ago/2025 16:11 por Marcos Dionizio - Responsável: Alline Rodrigues Spinelli,06/Ago/2025,Marcos Dionizio,Alline Rodrigues Spinelli
projeto-politico-pedagogico,https://www.sorocaba.unesp.br/#!/graduacao/engenharia-de-controle-e-automacao/projeto-politico-pedagogico,Not Found,Not Found,Not Found,Not Found
laboratorios,https://www.sorocaba.unesp.br/#!/graduacao/engenharia-de-controle-e-automacao/laboratorios,Atualizada em 18/Dez/2024 10:25 por Marcos Dionizio - Responsável: Marcos Dionizio,18/Dez/2024,Marcos Dionizio,Marcos Dionizio
estrutura,https://www.sorocaba.unesp.br/#!/graduacao/engenharia-de-controle-e-automacao/laboratorios/estrutura,Atualizada em 18/Dez/2024 10:25 por Marcos Dionizio - Responsável: Marcos Dionizio,18/Dez/2024,Marcos Dionizio,Marcos Dionizio
equipe,https://www.sorocaba.unesp.br/#!/graduacao/engenharia-de-controle-e-automacao/laboratorios/equipe,Not Found,Not Found,Not Found,Not Found
grade-curricular,https://www.sorocaba.unesp.br/#!/graduacao/engenharia-de-controle-e-automacao/grade-curricular,Atualizada em 21/Ago/2024 08:47 por Fabiane - Responsável: Carina Yurie Esaki,21/Ago/2024,Fabiane,Carina Yurie Esaki
informacoes-sobre-o-programa,https://www.sorocaba.unesp.br/#!/pos-graduacao/--engenharia-eletrica-local/informacoes-sobre-o-programa,Atualizada em 28/Mai/2024 11:33 por Marcos Dionizio - Responsável: Rogerio Moreno Rosa,28/Mai/2024,Marcos Dionizio,Rogerio Moreno Rosa
apresentacao,https://www.sorocaba.unesp.br/#!/pos-graduacao/--engenharia-eletrica-local/informacoes-sobre-o-programa/apresentacao,Atualizada em 28/Mai/2024 11:33 por Marcos Dionizio - Responsável: Rogerio Moreno Rosa,28/Mai/2024,Marcos Dionizio,Rogerio Moreno Rosa
missao-e-visao-do-programa,https://www.sorocaba.unesp.br/#!/pos-graduacao/--engenharia-eletrica-local/informacoes-sobre-o-programa/missao-e-visao-do-programa,Atualizada em 11/Ago/2025 11:31 por Isabela Rita Hernendes Peres - Responsável: Isabela Rita Hernendes Peres,11/Ago/2025,Isabela Rita Hernendes Peres,Isabela Rita Hernendes Peres
areas-de-concentracao-e-linhas-de-pesquisa,https://www.sorocaba.unesp.br/#!/pos-graduacao/--engenharia-eletrica-local/informacoes-sobre-o-programa/areas-de-concentracao-e-linhas-de-pesquisa,Atualizada em 12/Fev/2025 11:39 por Renan Roberto Rubim - Responsável: Isabela Rita Hernendes Peres,12/Fev/2025,Renan Roberto Rubim,Isabela Rita Hernendes Peres
objetivos,https://www.sorocaba.unesp.br/#!/pos-graduacao/--engenharia-eletrica-local/informacoes-sobre-o-programa/objetivos,Atualizada em 12/Fev/2025 16:07 por Renan Roberto Rubim - Responsável: Isabela Rita Hernendes Peres,12/Fev/2025,Renan Roberto Rubim,Isabela Rita Hernendes Peres
historico-do-programa,https://www.sorocaba.unesp.br/#!/pos-graduacao/--engenharia-eletrica-local/informacoes-sobre-o-programa/historico-do-programa,Atualizada em 12/Fev/2025 11:39 por Renan Roberto Rubim - Responsável: Isabela Rita Hernendes Peres,12/Fev/2025,Renan Roberto Rubim,Isabela Rita Hernendes Peres
grade-curricular,https://www.sorocaba.unesp.br/#!/pos-graduacao/--engenharia-eletrica-local/informacoes-sobre-o-programa/grade-curricular,Not Found,Not Found,Not Found,Not Found
corpo-docente,https://www.sorocaba.unesp.br/#!/pos-graduacao/--engenharia-eletrica-local/informacoes-sobre-o-programa/corpo-docente,Not Found,Not Found,Not Found,Not Found
planejamento-estrategico,https://www.sorocaba.unesp.br/#!/pos-graduacao/--engenharia-eletrica-local/informacoes-sobre-o-programa/planejamento-estrategico,Atualizada em 24/Fev/2025 08:48 por Renan Roberto Rubim - Responsável: Isabela Rita Hernendes Peres,24/Fev/2025,Renan Roberto Rubim,Isabela Rita Hernendes Peres
destaques-do-programa-egressos-e-dissertacoes,https://www.sorocaba.unesp.br/#!/pos-graduacao/--engenharia-eletrica-local/informacoes-sobre-o-programa/destaques-do-programa-egressos-e-dissertacoes,Atualizada em 19/Ago/2025 10:45 por Isabela Rita Hernendes Peres - Responsável: Isabela Rita Hernendes Peres,19/Ago/2025,Isabela Rita Hernendes Peres,Isabela Rita Hernendes Peres
contato,https://www.sorocaba.unesp.br/#!/pos-graduacao/--engenharia-eletrica-local/informacoes-sobre-o-programa/contato,Not Found,Not Found,Not Found,Not Found
portal-do-aluno,https://www.sorocaba.unesp.br/#!/pos-graduacao/--engenharia-eletrica-local/portal-do-aluno,Atualizada em 16/Out/2025 15:47 por Isabela Rita Hernendes Peres - Responsável: Isabela Rita Hernendes Peres,16/Out/2025,Isabela Rita Hernendes Peres,Isabela Rita Hernendes Peres
calendario,https://www.sorocaba.unesp.br/#!/pos-graduacao/--engenharia-eletrica-local/portal-do-aluno/calendario,Not Found,Not Found,Not Found,Not Found
horarios,https://www.sorocaba.unesp.br/#!/pos-graduacao/--engenharia-eletrica-local/portal-do-aluno/horarios,Atualizada em 03/Out/2025 13:53 por Renan Roberto Rubim - Responsável: Isabela Rita Hernendes Peres,03/Out/2025,Renan Roberto Rubim,Isabela Rita Hernendes Peres
formularios,https://www.sorocaba.unesp.br/#!/pos-graduacao/--engenharia-eletrica-local/portal-do-aluno/formularios,Atualizada em 30/Jun/2025 09:17 por Lilian - Responsável: Isabela Rita Hernendes Peres,30/Jun/2025,Lilian,Isabela Rita Hernendes Peres
procedimentos-para-entrega-da-versao-final,https://www.sorocaba.unesp.br/#!/pos-graduacao/--engenharia-eletrica-local/portal-do-aluno/procedimentos-para-entrega-da-versao-final,Not Found,Not Found,Not Found,Not Found
comissao-de-bolsas,https://www.sorocaba.unesp.br/#!/pos-graduacao/--engenharia-eletrica-local/portal-do-aluno/comissao-de-bolsas,Atualizada em 19/Mar/2024 12:08 por Lilian - Responsável: Isabela Rita Hernendes Peres,19/Mar/2024,Lilian,Isabela Rita Hernendes Peres
aluno-especial,https://www.sorocaba.unesp.br/#!/pos-graduacao/--engenharia-eletrica-local/portal-do-aluno/aluno-especial,Atualizada em 12/Set/2025 15:48 por Isabela Rita Hernendes Peres - Responsável: Isabela Rita Hernendes Peres,12/Set/2025,Renan Roberto Rubim,Isabela Rita Hernendes Peres
calendario,https://www.sorocaba.unesp.br/#!/sobre-o-campus/administracao/congregacao/calendario,Atualizada em 03/Set/2025 11:29 por Renan Roberto Rubim - Responsável: Isabela Rita Hernendes Peres,03/Set/2025,Renan Roberto Rubim,Isabela Rita Hernendes Peres
processo-seletivo,https://www.sorocaba.unesp.br/#!/pos-graduacao/--engenharia-eletrica-local/processo-seletivo,Atualizada em 17/Dez/2024 16:11 por Marcos Malaquias - Responsável: Marcos Dionizio,17/Dez/2024,Marcos Malaquias,Marcos Dionizio
patentes,https://www.sorocaba.unesp.br/#!/sobre-o-campus/biblioteca/acervo-digital/patentes,Atualizada em 17/Dez/2024 16:11 por Marcos Malaquias - Responsável: Marcos Dionizio,17/Dez/2024,Marcos Malaquias,Marcos Dionizio
teses-e-dissertacoes,https://www.sorocaba.unesp.br/#!/sobre-o-campus/biblioteca/acervo-digital/teses-e-dissertacoes,Atualizada em 27/Nov/2023 08:33 por Sabrina Luana da Silva Gonçalves - Responsável: Sabrina Luana da Silva Gonçalves,27/Nov/2023,Lucimara Kurokawa Shinoda,Sabrina Luana da Silva Gonçalves
minha-biblioteca,https://www.sorocaba.unesp.br/#!/sobre-o-campus/biblioteca/acervo-digital/minha-biblioteca,Atualizada em 14/Nov/2018 14:50 por Lucimara Kurokawa Shinoda - Responsável: Sabrina Luana da Silva Gonçalves,14/Nov/2018,Lucimara Kurokawa Shinoda,Sabrina Luana da Silva Gonçalves
servicos,https://www.sorocaba.unesp.br/#!/sobre-o-campus/biblioteca/servicos,Atualizada em 27/Nov/2023 08:59 por Sabrina Luana da Silva Gonçalves - Responsável: Sabrina Luana da Silva Gonçalves,27/Nov/2023,Sabrina Luana da Silva Gonçalves,Sabrina Luana da Silva Gonçalves
recursos-para-pesquisadores,https://www.sorocaba.unesp.br/#!/sobre-o-campus/biblioteca/recursos-para-pesquisadores,Atualizada em 27/Ago/2024 14:43 por Lucimara Kurokawa Shinoda - Responsável: Sabrina Luana da Silva Gonçalves,27/Ago/2024,Lucimara Kurokawa Shinoda,Sabrina Luana da Silva Gonçalves
autoarquivamento,https://www.sorocaba.unesp.br/#!/sobre-o-campus/biblioteca/recursos-para-pesquisadores/autoarquivamento,Atualizada em 27/Ago/2024 14:43 por Lucimara Kurokawa Shinoda - Responsável: Sabrina Luana da Silva Gonçalves,27/Ago/2024,Lucimara Kurokawa Shinoda,Sabrina Luana da Silva Gonçalves
padrao-afiliacao-institucional,https://www.sorocaba.unesp.br/#!/sobre-o-campus/biblioteca/recursos-para-pesquisadores/padrao-afiliacao-institucional,Not Found,Not Found,Not Found,Not Found
turnitin,https://www.sorocaba.unesp.br/#!/sobre-o-campus/biblioteca/recursos-para-pesquisadores/turnitin,Not Found,Not Found,Not Found,Not Found
ficha-catalografica,https://www.sorocaba.unesp.br/#!/sobre-o-campus/biblioteca/recursos-para-pesquisadores/ficha-catalografica,Not Found,Not Found,Not Found,Not Found
modelos-de-agradecimentos-as-agencias-financiadoras,https://www.sorocaba.unesp.br/#!/sobre-o-campus/biblioteca/recursos-para-pesquisadores/modelos-de-agradecimentos-as-agencias-financiadoras,Atualizada em 31/Jan/2024 13:27 por Sabrina Luana da Silva Gonçalves - Responsável: Sabrina Luana da Silva Gonçalves,31/Jan/2024,Sabrina Luana da Silva Gonçalves,Sabrina Luana da Silva Gonçalves
orientacoes-para-inclusao-da-pagina-de-impacto-potencial-da-pesquisa,https://www.sorocaba.unesp.br/#!/sobre-o-campus/biblioteca/recursos-para-pesquisadores/orientacoes-para-inclusao-da-pagina-de-impacto-potencial-da-pesquisa,Atualizada em 22/Jul/2025 16:17 por Sabrina Luana da Silva Gonçalves - Responsável: Sabrina Luana da Silva Gonçalves,22/Jul/2025,Sabrina Luana da Silva Gonçalves,Sabrina Luana da Silva Gonçalves
guias-de-normalizacao,https://www.sorocaba.unesp.br/#!/sobre-o-campus/biblioteca/recursos-para-pesquisadores/guias-de-normalizacao,Atualizada em 23/Fev/2024 10:30 por Sabrina Luana da Silva Gonçalves - Responsável: Sabrina Luana da Silva Gonçalves,23/Fev/2024,Sabrina Luana da Silva Gonçalves,Sabrina Luana da Silva Gonçalves
propetips,https://www.sorocaba.unesp.br/#!/sobre-o-campus/biblioteca/recursos-para-pesquisadores/propetips,Not Found,Not Found,Not Found,Not Found
tutoriais,https://www.sorocaba.unesp.br/#!/sobre-o-campus/biblioteca/recursos-para-pesquisadores/tutoriais,Not Found,Not Found,Not Found,Not Found
templates,https://www.sorocaba.unesp.br/#!/sobre-o-campus/biblioteca/recursos-para-pesquisadores/templates,Atualizada em 19/Fev/2025 10:10 por Sabrina Luana da Silva Gonçalves - Responsável: Sabrina Luana da Silva Gonçalves,19/Fev/2025,Sabrina Luana da Silva Gonçalves,Sabrina Luana da Silva Gonçalves
perguntas-frequentes2377,https://www.sorocaba.unesp.br/#!/sobre-o-campus/biblioteca/perguntas-frequentes2377,Atualizada em 09/Out/2024 15:33 por Sabrina Luana da Silva Gonçalves - Responsável: Sabrina Luana da Silva Gonçalves,09/Out/2024,Lucimara Kurokawa Shinoda,Sabrina Luana da Silva Gonçalves
docentesdea,https://www.sorocaba.unesp.br/#!/docentesdea,Atualizada em 28/Set/2022 14:54 por Lucimara Kurokawa Shinoda - Responsável: Sabrina Luana da Silva Gonçalves,28/Set/2022,Lucimara Kurokawa Shinoda,Sabrina Luana da Silva Gonçalves
gasi,https://www.sorocaba.unesp.br/#!/gasi,Atualizada em 06/Jun/2025 13:01 por Gisele - Responsável: Giovana Maia Antonangelo,06/Jun/2025,Gisele,Giovana Maia Antonangelo
laptec,https://www.sorocaba.unesp.br/#!/laptec,,,,
natel,https://www.sorocaba.unesp.br/#!/pesquisa/natel,Not Found,Not Found,Not Found,Not Found
modcon,https://www.sorocaba.unesp.br/#!/modcon,Atualizada em 18/Out/2023 10:55 por Sandro Mancini - Responsável: Sandro Mancini,18/Out/2023,Sandro Mancini,Sandro Mancini
atividade-p--conclusao-de-curso,https://www.sorocaba.unesp.br/#!/graduacao/espaco-do-aluno/atividade-p--conclusao-de-curso,,,,
gestoes-anteriores,https://www.sorocaba.unesp.br/#!/graduacao/engenharia-de-controle-e-automacao/coordenacao-de-curso/gestoes-anteriores,Atualizada em 13/Fev/2023 11:44 por Marcos Dionizio - Responsável: Rogerio Moreno Rosa,13/Fev/2023,Marcos Dionizio,Rogerio Moreno Rosa
eca04,https://www.sorocaba.unesp.br/#!/graduacao/engenharia-de-controle-e-automacao/projeto-politico-pedagogico/eca04,Atualizada em 30/Nov/2023 16:48 por Adriano Luiz Imenes Dias - Responsável: Adriano Luiz Imenes Dias,30/Nov/2023,Adriano Luiz Imenes Dias,Adriano Luiz Imenes Dias
eca03,https://www.sorocaba.unesp.br/#!/graduacao/engenharia-de-controle-e-automacao/projeto-politico-pedagogico/eca03,Atualizada em 17/Jul/2025 15:00 por Rogerio Moreno Rosa - Responsável: Rogerio Moreno Rosa,17/Jul/2025,Rogerio Moreno Rosa,Rogerio Moreno Rosa
eca02,https://www.sorocaba.unesp.br/#!/graduacao/engenharia-de-controle-e-automacao/projeto-politico-pedagogico/eca02,Not Found,Not Found,Not Found,Not Found
2026---1-semestre,https://www.sorocaba.unesp.br/#!/pos-graduacao/--engenharia-eletrica-local/processo-seletivo/2026---1-semestre,Atualizada em 28/Mai/2024 11:29 por Marcos Dionizio - Responsável: Marcos Dionizio,28/Mai/2024,Marcos Dionizio,Marcos Dionizio
docentes,https://www.sorocaba.unesp.br/#!/pos-graduacao/--engenharia-eletrica-local/docentes,Atualizada em 29/Set/2025 09:23 por Isabela Rita Hernendes Peres - Responsável: Isabela Rita Hernendes Peres,29/Set/2025,Isabela Rita Hernendes Peres,Isabela Rita Hernendes Peres
corpo-docente,https://www.sorocaba.unesp.br/#!/pos-graduacao/--engenharia-eletrica-local/docentes/corpo-docente,Atualizada em 29/Set/2025 09:23 por Isabela Rita Hernendes Peres - Responsável: Isabela Rita Hernendes Peres,29/Set/2025,Isabela Rita Hernendes Peres,Isabela Rita Hernendes Peres
credenciamento-de-docentes,https://www.sorocaba.unesp.br/#!/pos-graduacao/--engenharia-eletrica-local/docentes/credenciamento-de-docentes,Not Found,Not Found,Not Found,Not Found
formularios,https://www.sorocaba.unesp.br/#!/pos-graduacao/--engenharia-eletrica-local/docentes/formularios,Atualizada em 14/Ago/2025 15:53 por Isabela Rita Hernendes Peres - Responsável: Isabela Rita Hernendes Peres,14/Ago/2025,Isabela Rita Hernendes Peres,Isabela Rita Hernendes Peres
bancas,https://www.sorocaba.unesp.br/#!/pos-graduacao/--engenharia-eletrica-local/docentes/bancas,Atualizada em 21/Out/2025 08:33 por Isabela Rita Hernendes Peres - Responsável: Isabela Rita Hernendes Peres,21/Out/2025,Isabela Rita Hernendes Peres,Isabela Rita Hernendes Peres
ementas,https://www.sorocaba.unesp.br/#!/pos-graduacao/--engenharia-eletrica-local/ementas,Not Found,Not Found,Not Found,Not Found
conselho,https://www.sorocaba.unesp.br/#!/pos-graduacao/--engenharia-eletrica-local/conselho,Atualizada em 24/Jul/2023 13:53 por Pedro de Vequi França - Responsável: Isabela Rita Hernendes Peres,24/Jul/2023,Pedro de Vequi França,Isabela Rita Hernendes Peres
composicao,https://www.sorocaba.unesp.br/#!/pos-graduacao/--engenharia-eletrica-local/conselho/composicao,Atualizada em 24/Jul/2023 13:53 por Pedro de Vequi França - Responsável: Isabela Rita Hernendes Peres,24/Jul/2023,Pedro de Vequi França,Isabela Rita Hernendes Peres
atas,https://www.sorocaba.unesp.br/#!/pos-graduacao/--engenharia-eletrica-local/conselho/atas,Not Found,Not Found,Not Found,Not Found
normas,https://www.sorocaba.unesp.br/#!/pos-graduacao/--engenharia-eletrica-local/normas,Atualizada em 03/Out/2025 14:32 por Renan Roberto Rubim - Responsável: Isabela Rita Hernendes Peres,03/Out/2025,Renan Roberto Rubim,Isabela Rita Hernendes Peres
regulamento-pgee,https://www.sorocaba.unesp.br/#!/pos-graduacao/--engenharia-eletrica-local/normas/regulamento-pgee,Atualizada em 24/Set/2025 10:45 por Renan Roberto Rubim - Responsável: Isabela Rita Hernendes Peres,24/Set/2025,Renan Roberto Rubim,Isabela Rita Hernendes Peres
instrucoes-normativas,https://www.sorocaba.unesp.br/#!/pos-graduacao/--engenharia-eletrica-local/normas/instrucoes-normativas,Atualizada em 14/Jan/2021 11:22 por Lilian - Responsável: Isabela Rita Hernendes Peres,14/Jan/2021,Lilian,Isabela Rita Hernendes Peres
pgee,https://www.sorocaba.unesp.br/#!/pgee,Atualizada em 24/Set/2025 10:45 por Renan Roberto Rubim - Responsável: Isabela Rita Hernendes Peres,24/Set/2025,Renan Roberto Rubim,Isabela Rita Hernendes Peres
contato,https://www.sorocaba.unesp.br/#!/pos-graduacao/--engenharia-eletrica-local/contato,Atualizada em 16/Out/2025 15:49 por Isabela Rita Hernendes Peres - Responsável: Isabela Rita Hernendes Peres,16/Out/2025,Isabela Rita Hernendes Peres,Isabela Rita Hernendes Peres
estrutura-curricular,https://www.sorocaba.unesp.br/#!/pos-graduacao/--engenharia-eletrica-local/estrutura-curricular,Atualizada em 16/Out/2025 15:47 por Isabela Rita Hernendes Peres - Responsável: Isabela Rita Hernendes Peres,16/Out/2025,Isabela Rita Hernendes Peres,Isabela Rita Hernendes Peres
grade-curricular,https://www.sorocaba.unesp.br/#!/pos-graduacao/--engenharia-eletrica-local/estrutura-curricular/grade-curricular,Not Found,Not Found,Not Found,Not Found
horario,https://www.sorocaba.unesp.br/#!/pos-graduacao/--engenharia-eletrica-local/estrutura-curricular/horario,Atualizada em 30/Jun/2025 10:12 por Lilian - Responsável: Isabela Rita Hernendes Peres,30/Jun/2025,Lilian,Isabela Rita Hernendes Peres
linhas-de-pesquisa-e-producao,https://www.sorocaba.unesp.br/#!/pos-graduacao/--engenharia-eletrica-local/linhas-de-pesquisa-e-producao,Atualizada em 30/Jun/2025 09:17 por Lilian - Responsável: Isabela Rita Hernendes Peres,30/Jun/2025,Lilian,Isabela Rita Hernendes Peres
area-de-concentracao,https://www.sorocaba.unesp.br/#!/pos-graduacao/--engenharia-eletrica-local/linhas-de-pesquisa-e-producao/area-de-concentracao,Atualizada em 30/Jun/2025 09:17 por Lilian - Responsável: Isabela Rita Hernendes Peres,30/Jun/2025,Lilian,Isabela Rita Hernendes Peres
linhas-de-pesquisa,https://www.sorocaba.unesp.br/#!/pos-graduacao/--engenharia-eletrica-local/linhas-de-pesquisa-e-producao/linhas-de-pesquisa,Atualizada em 24/Jul/2023 14:05 por Pedro de Vequi França - Responsável: Isabela Rita Hernendes Peres,24/Jul/2023,Pedro de Vequi França,Isabela Rita Hernendes Peres
portal-do-docente,https://www.sorocaba.unesp.br/#!/pos-graduacao/--engenharia-eletrica-local/portal-do-docente,Atualizada em 24/Jul/2023 14:07 por Pedro de Vequi França - Responsável: Isabela Rita Hernendes Peres,24/Jul/2023,Pedro de Vequi França,Isabela Rita Hernendes Peres
formularios,https://www.sorocaba.unesp.br/#!/pos-graduacao/--engenharia-eletrica-local/portal-do-docente/formularios,Atualizada em 24/Jul/2023 14:07 por Pedro de Vequi França - Responsável: Isabela Rita Hernendes Peres,24/Jul/2023,Pedro de Vequi França,Isabela Rita Hernendes Peres
eventos,https://www.sorocaba.unesp.br/#!/pos-graduacao/--engenharia-eletrica-local/eventos,Atualizada em 21/Out/2025 08:33 por Isabela Rita Hernendes Peres - Responsável: Isabela Rita Hernendes Peres,21/Out/2025,Gisele,Isabela Rita Hernendes Peres
links,https://www.sorocaba.unesp.br/#!/pos-graduacao/--engenharia-eletrica-local/links,Atualizada em 17/Set/2021 11:07 por Gisele - Responsável: Isabela Rita Hernendes Peres,17/Set/2021,Gisele,Isabela Rita Hernendes Peres
informacoes-uteis,https://www.sorocaba.unesp.br/#!/pos-graduacao/--engenharia-eletrica-local/links/informacoes-uteis,Atualizada em 17/Set/2021 11:10 por Gisele - Responsável: Isabela Rita Hernendes Peres,17/Set/2021,Gisele,Isabela Rita Hernendes Peres
portfolio-de-integracao-das-disciplinas,https://www.sorocaba.unesp.br/#!/pos-graduacao/--engenharia-eletrica-local/portfolio-de-integracao-das-disciplinas,Atualizada em 29/Ago/2012 15:48 por Leonardo Fernandes Fraceto - Responsável: Isabela Rita Hernendes Peres,29/Ago/2012,Leonardo Fernandes Fraceto,Isabela Rita Hernendes Peres
atas-e-pautas,https://www.sorocaba.unesp.br/#!/sobre-o-campus/administracao/congregacao/atas-e-pautas,Atualizada em 17/Jul/2023 11:58 por Priscila de Oliveira dos Santos - Responsável: Isabela Rita Hernendes Peres,17/Jul/2023,Priscila de Oliveira dos Santos,Isabela Rita Hernendes Peres
enviar-item-para-pauta,https://www.sorocaba.unesp.br/#!/sobre-o-campus/administracao/congregacao/atas-e-pautas/enviar-item-para-pauta,Atualizada em 17/Out/2025 14:03 por Fabiane - Responsável: Marcos Malaquias,17/Out/2025,Fabiane,Marcos Malaquias
calendario,https://www.sorocaba.unesp.br/#!/calendario,Atualizada em 24/Mai/2023 10:57 por Marcos Malaquias - Responsável: Marcos Malaquias,24/Mai/2023,Marcos Malaquias,Marcos Malaquias
composicao,https://www.sorocaba.unesp.br/#!/sobre-o-campus/administracao/congregacao/composicao,Atualizada em 11/Fev/2019 14:49 por Marcos Dionizio - Responsável: Lilian,11/Fev/2019,Marcos Dionizio,Lilian
comissoes-permanentes-assessoras-da-congregacao,https://www.sorocaba.unesp.br/#!/sobre-o-campus/administracao/congregacao/comissoes-permanentes-assessoras-da-congregacao,Atualizada em 17/Out/2025 11:38 por Fabiane - Responsável: Marcos Malaquias,17/Out/2025,Fabiane,Marcos Malaquias
calendarios-colegiados-locais,https://www.sorocaba.unesp.br/#!/sobre-o-campus/administracao/congregacao/calendario/calendarios-colegiados-locais,Atualizada em 07/Mai/2020 15:33 por Marcos Malaquias - Responsável: Marcos Malaquias,07/Mai/2020,Marcos Malaquias,Marcos Malaquias
